<?xml version="1.0" encoding="UTF-8"?>
<Configuration status="warn">
    <Properties>
        <Property name="basePath">/u01/cdr/logs</Property>
    </Properties>
 
    <Appenders>
        <RollingFile name="fileLogger" fileName="${basePath}/app-info.log" filePattern="${basePath}/app-info-%d{yyyy-MM-dd}.log">
            <PatternLayout>
                <pattern>[%-5level] %d{yyyy-MM-dd HH:mm:ss.SSS} [%t] %c{1} - %msg%n</pattern>
            </PatternLayout>
            <Policies>
                <TimeBasedTriggeringPolicy interval="1" modulate="true" />
            </Policies>
        </RollingFile>
 
        <Console name="console" target="SYSTEM_OUT">
            <PatternLayout   pattern="[%-5level] %d{yyyy-MM-dd HH:mm:ss.SSS} [%t] %c{1} - %msg%n" />
        </Console>
    </Appenders>
    <Loggers>
        <Logger name="com.gl.reader" level="debug" additivity="true">
            <appender-ref ref="" level="debug" />
        </Logger>
        <Root level="debug" additivity="false">
            <appender-ref ref="fileLogger" />
        </Root>
    </Loggers>
</Configuration>