<?xml version="1.0" encoding="UTF-8"?>
<project-private xmlns="http://www.netbeans.org/ns/project-private/1">
    <editor-bookmarks xmlns="http://www.netbeans.org/ns/editor-bookmarks/2" lastBookmarkId="3">
        <file>
            <url>src/com/functionapps/parser/CEIRFeatureFileParser.java</url>
            <bookmark id="1">
                <name/>
                <line>152</line>
                <key/>
            </bookmark>
        </file>
        <file>
            <url>src/com/functionapps/log/LogWriter.java</url>
            <bookmark id="2">
                <name/>
                <line>15</line>
                <key/>
            </bookmark>
        </file>
        <file>
            <url>src/com/glocks/parser/CEIRFeatureFileUploader.java</url>
            <bookmark id="3">
                <name/>
                <line>129</line>
                <key/>
            </bookmark>
        </file>
    </editor-bookmarks>
    <open-files xmlns="http://www.netbeans.org/ns/projectui-open-files/2">
        <group/>
    </open-files>
</project-private>
